"score","text","sentiment"
-2,"b'@Paytmcare Hahaha you are hilarious @Paytm \xf0\x9f\xa4\xa3\xf0\x9f\xa4\xa3. It took you 2 days to acknowledge that my concern is important. You really crack me up \xf0\x9f\xa4\xa3'","negative"
-1,"b'@Paytm @PaytmTickets @Paytmcare worst movie booking experience in your site. Not asking for mobile number to delive\xe2\x80\xa6 https://t.co/NwPXAnZvHv'","negative"
0,"b'@vijayshekhar my @Paytm cashback complaint is unresolved since 17th Feb 2018 despite my repeated followups.\xe2\x80\xa6 https://t.co/Q3zwwnRBd1'","neutral"
1,"b'@Paytm @Paytmcare \nRespected Sir/Madam,\nI want to start your renowned Paytm Payments Bank Branch/franchise/ATM in\nm\xe2\x80\xa6 https://t.co/orBbzeLf4P'","positive"
-1,"b'@Paytm \nYesterday I just made the payment to irtc my transaction is being failed ND my balance is deducted in paytm wallet \nPlease help'","negative"
1,"b'@Paytmcare Day 6 @vijayshekhar @Paytmcare @Paytm WILL I GET MY REFUND??'","positive"
0,"b'@FreeChargeCares I am not happy with your revert. A pop-up appears on my screen for upi registration &amp; cashback off\xe2\x80\xa6 https://t.co/qTdK6OohbF'","neutral"
-1,"b""@gvsjio1 @Paytmcare @PaytmBank @Paytm Don't update new version as Paytm new update version is bug""","negative"
1,"b'@ImSaikatPyne @Paytm @livegoafest @value_360 Cheers to us :)'","positive"
0,"b'#thankyoupaytm @PaytmBank @vijayshekhar @Paytm https://t.co/96qcwaPLM4'","neutral"
2,"b'.@Paytm wins two #Abbys2018 at  @livegoafest. Cheers @Soniadhawn and @value_360 team! https://t.co/NVmIhBIRsi'","positive"
0,"b'@ShobhitaAgarwal @Paytmcare @Paytm Paytm mat karo.'","neutral"
0,"b'@hnarayan20 @Paytm @Paytmcare @PaytmBank Even I was charged around 50 bucks for same.'","neutral"
0,"b'@Paytm My mobile no. is linked to Adhaar and same no. I am using for Paytm then why do I need to personally go to K\xe2\x80\xa6 https://t.co/w1Dhi6RE19'","neutral"
1,"b'Bought @MumbaiMetro3 ticket via @Paytm No need to stand in long que for tokens! Just scan the code and done! Perfect !!! \xf0\x9f\x91\x8d\xf0\x9f\x8f\xbc'","positive"
0,"b'@BCCIWomen @Paytm on which channel match telecast?'","neutral"
0,"b'Issue raised with paytm w.r.t delinking of kyc pending since 18th march 2018 reference no 56582762 @Paytm @Paytmcare @vijayshekhar'","neutral"
0,"b'@ShobhitaAgarwal @Paytmcare @Paytm Paytm Mat Karo.\nUse BHIM App. Initiative by govt.@NPCI_BHIM \n#PaytmFraudCompany'","neutral"
-1,"b'@hnarayan20 @Paytm @Paytmcare @PaytmBank Paytm are cheaters when once online kyc is done why then there is a need of franchise??'","negative"
1,"b'@paytmbankcare @Paytm @Paytmcare @PaytmBank @UfterYou @thebharatseva@renusatti I am asking about the cashback for m\xe2\x80\xa6 https://t.co/9o0VVErXFG'","positive"
0,"b'@vijayshekhar ,@Paytmcare @Paytm @rsprasad \nkB solve Hoga?????????? https://t.co/V4zfY8F2nF'","neutral"
1,"b'@vineetkaul @vijayshekhar @Paytm Ho gaya thanks'","positive"
0,"b'@Paytm  Hi.... I was playing on gamepind since yesterday its giving prb , money gets deducted but its not going for contest.'","neutral"
-1,"b'@Paytm What the hell you people charge rs20 for KYC. If you want then ask some more why just 20.\nFor the first time I am paying for Kyc.'","negative"
0,"b'@PaytmBank @Paytm @Paytmcare @PaytmBank @PaytmMall https://t.co/bSJnozD0F2'","neutral"
1,"b""@hnarayan20 @Paytm @Paytmcare @PaytmBank It's free""","positive"
0,"b'Thanku @Paytm @vijayshekhar \nFor this \xf0\x9f\x91\x87\xf0\x9f\x91\x87 totally new layout..\xe2\x9d\xa4\xef\xb8\x8f\xf0\x9f\x98\x98 https://t.co/oXnKZjocAD'","neutral"
0,"b'@thebharatseva @paytmbankcare @Paytm @PaytmBank @Paytmcare @vijayshekhar @One97 @renusatti @PMOIndia\xe2\x80\xa6 https://t.co/qOh4TgTNPL'","neutral"
0,"b'What\xe2\x80\x99s happening? @paytm @vijayshekhar \xf0\x9f\xa4\x99 https://t.co/Mj4OTq64Uo'","neutral"
1,"b'@Paytmcare Thanks for your reply @Paytm , however a reply from @Cashify_  would be more appreciated https://t.co/bClszNCvwi'","positive"
1,"b'@Paytm @Paytmcare @PaytmBank have not received cash back or any details regarding it after completing KYC since las\xe2\x80\xa6 https://t.co/P1HJZootCV'","positive"
1,"b""@Paytm @Paytmcare @vijayshekhar Don't want to give you any KYC document. Want just refund of my money which you hav\xe2\x80\xa6 https://t.co/RCQkaap1WK""","positive"
0,"b'@vatsann @prayatna_fac @savesmilees @hareesh_9999 @Deepikaa123 @kishorev1988 @pratyusha @Urs_BRK @Abhishekboss2\xe2\x80\xa6 https://t.co/ZSwlYDTEw9'","neutral"
0,"b'@Its_meRJ @prayatna_fac @savesmilees @hareesh_9999 @Deepikaa123 @kishorev1988 @pratyusha @Urs_BRK @Abhishekboss2\xe2\x80\xa6 https://t.co/dDjGCqCeJI'","neutral"
0,"b'@BCCIWomen @Paytm Dear ladies... bahuth bahuth badayiyo...Kya khel dikaye aap ne... hamare dil kush kardiya...All t\xe2\x80\xa6 https://t.co/XjyiAWXMFF'","neutral"
-1,"b""@Paytmcare @Paytm @RBI money in Paytm lost repeated reporting still Paytm not responded it's giving feeling Paytm a\xe2\x80\xa6 https://t.co/PTlklsEyV5""","negative"
-1,"b'@Paytm after the update ...the software hangs ... money trfr not working....tried reinstallation 3 times'","negative"
0,"b'@Paytm @Paytmcare @PaytmBank @paytmbankcare @timesofindia @TimesNow @ndtv @htTweets @the_hindu @indiatoday\xe2\x80\xa6 https://t.co/fFWQc3aDAP'","neutral"
0,"b'@Paytmcare @Paytm ???? @vijayshekhar'","neutral"
0,"b'@BCCI @Paytm Common  india'","neutral"
0,"b'@_DigitalIndia @Paytm @UIDAI https://t.co/0KKp422wx2'","neutral"
0,"b'@Mirchi9 @Paytm 357k'","neutral"
-2,"b'Online fraud @Paytm. Orderd @CasioIndia watch, recvd empty box. @Paytmcare closd complaint saying delivrd corrct product only. #SayNo2Paytm'","negative"
1,"b'@chopraanjum @Paytm @BCCIWomen What a win over England'","positive"
0,"b'@reliancejio @Paytm @AJIOLife @RelianceDigital I bought @Rs.2000 and enjoying network problem due to tower-less in Tuensang District.'","neutral"
0,"b""@shantanub @Paytm I did the same. Why should we ? Now everyone accepting cards. Don't use risky apps""","neutral"
0,"b'Win $15 Or Rs.1000 @Paytm Cash \xf0\x9f\x91\x8d https://t.co/tBzVC8jlqc'","neutral"
-1,"b'Bad interface of Paytm payments screen on UTS app. Also OTP takes lot of time to come. Please resolve this.\xe2\x80\xa6 https://t.co/hj7EQJmuHH'","negative"
0,"b'@Paytm no response in twitter , no response in paytm issue page ? Do you even care about what issues customers are\xe2\x80\xa6 https://t.co/tWdZFBj81h'","neutral"
0,"b'@dominos @Paytm it\xe2\x80\x99s been over 6 months but I have not recoeved any response from both of you..\nI need my money back..'","neutral"
-1,"b'@Paytm @PaytmTickets @Paytmcare \nU have shared wrong details with my friend about the show timings. How irresponsib\xe2\x80\xa6 https://t.co/rOAYDrVBBS'","negative"
1,"b'@dheerajmishra08 @Paytmcare @Paytm @MobiKwik @NPCI_BHIM Its not about money. Its about the TRUST which paytm could not develop it.'","positive"
0,"b'@Paytmcare Even after e-KYC why an in-person verification is needed? Is that mandated by RBI or the Govt. of India\xe2\x80\xa6 https://t.co/vt7TPrWdAG'","neutral"
-1,"b'@Paytmcare @vijayshekhar @Paytm @PaytmMall \n\nPlease respond to my problem as early as possible...'","negative"
-1,"b'@PaytmBank @Paytm You provided worst servises why are are you not providing transfer option from paytm wallet'","negative"
1,"b""@vijayshekhar @PaytmMall @amitsins @Paytm Wow! That's some news. You're my one big inspiration @vijayshekhar""","positive"
0,"b'Paytm is providing worst customer support service even their service executives are not available ti take calls @Paytm @Paytmcare'","neutral"
-1,"b'Amount is deducted from bank account but the order is showing as failed\n@Paytmcare @Paytm Please take a note on thi\xe2\x80\xa6 https://t.co/XH69ZMZRhx'","negative"
-1,"b'@vijayshekhar Sir are you aware that Paytm is keeping fraud sellers and creating mental frustration for customers.@Paytmcare @Paytm'","negative"
1,"b'@BCCIWomen @BCCI_Women @Paytm Well done girls'","positive"
1,"b'@paytmmallcare Thank you for handling the feedback well, you never disappoint me with your repeated nonsense @Paytm\xe2\x80\xa6 https://t.co/fBUlXyXvuO'","positive"
0,"b'@PaytmMall @Paytm Done....'","neutral"
0,"b'@chopraanjum @Paytm @BCCIWomen Yes we did it..'","neutral"
1,"b'@Soniadhawn @Paytm Congratulation team we are champion'","positive"
0,"b'@Paytm Seriously how much time u people are going to take ....just to check a barcode of fastag ... that too when a\xe2\x80\xa6 https://t.co/wo1mCmA0Dh'","neutral"
0,"b'@Paytmcare @Paytm Is there any way to delete/shut down the wallet &amp; profile and delink it from the existing phone: and mail id ??'","neutral"
-1,"b'@Paytm @Paytmcare @PaytmMall @paytmmallcare @vijayshekhar \nsolve my problem ref no. \n59155134\n59158599\n59162126\n591\xe2\x80\xa6 https://t.co/rZf1v6IbxR'","negative"
0,"b'@Paytm @Paytmcare error report unable to accept payment..suggest, contact 9494757603 in this regards https://t.co/y3kAWLGcXu'","neutral"
-1,"b""@Paytmcare @skupadhyay_ Oh please! It's an open secret that EVERY vendor of yours charges for KYC. @Paytm doesn't k\xe2\x80\xa6 https://t.co/aKCJ5GSWFS""","negative"
-2,"b'@Paytm @Paytmcare I raised online fraud complaint on paytm as well.\n Query Ref no 59709949.\nPlease look into it I a\xe2\x80\xa6 https://t.co/6YPk48B2Tn'","negative"
0,"b'@PMOIndia @narendramodi My amount of Rs1389 might be small, which @Paytm has kept blocked, the reason of which show\xe2\x80\xa6 https://t.co/hekjCVwbSJ'","neutral"
0,"b'@PaytmMall @Paytmcare @Paytm @paytmmallcare \n@vijayshekhar pagal samaj raakha hai ek kaam nahe hoo paa raha tum sab\xe2\x80\xa6 https://t.co/WIiRBlPY6n'","neutral"
-1,"b""@PMOIndia @narendramodi @Paytm service is fully playing with people's money. Here is attached all complaints and th\xe2\x80\xa6 https://t.co/RkiArJjAdo""","negative"
1,"b'@MobiKwik We will go cashless with other companies like @Paytm @FreeCharge @PhonePe_  but not with you bc'","positive"
0,"b'@thebharatseva @paytmbankcare @Paytm @PaytmBank @Paytmcare @vijayshekhar @One97 @renusatti @PMOIndia\xe2\x80\xa6 https://t.co/rcSFugeKrS'","neutral"
0,"b""We are doing serious stuff in a very entertaining way. You don't wanna miss the chance to become a part of it. Book\xe2\x80\xa6 https://t.co/c5HzOiDi7g""","neutral"
2,"b'@vijayshekhar What are the better alternatives to @Paytm?\n\nI think @PhonePe_ &amp; @TezbyGoogle provide far better expe\xe2\x80\xa6 https://t.co/1m5S2ekgsE'","positive"
-3,"b'@MobiKwikSWAT Stupid people u ask to DM and then bother to reply what fraud dynamic policies on supercash usage kee\xe2\x80\xa6 https://t.co/CMytf0qC41'","negative"
-1,"b'@Paytm @Paytmcare fraud bank'","negative"
0,"b'@Paytm I added 505rs to my account two times and both the times money deducted from my account and when i opened pa\xe2\x80\xa6 https://t.co/SQnVo9febS'","neutral"
2,"b""Corporate PR: Value 360 Communications wins Silver for 'The Indian Global Company - Leading a financial revolution'\xe2\x80\xa6 https://t.co/F97Jxi0AZ5""","positive"
1,"b""@Paytmcare @Paytm god knows what you guys are doing! But it better something more than just wasting time as it's be\xe2\x80\xa6 https://t.co/KWLieJR31e""","positive"
1,"b""Financial PR: Value 360 Communications strikes Gold at the #Abbys2018 for their 'Paytm Payment Bank \xe2\x80\x93 Dawn of a new\xe2\x80\xa6 https://t.co/kRbNjmLxqU""","positive"
-1,"b'@shivanshgarg7 @Paytm @Paytmcare @PaytmBank even I feel total BS when it comes to automated replies, a regular cust\xe2\x80\xa6 https://t.co/SAnVmRpBBu'","negative"
0,"b'@paytmmallcare @vijayshekhar @paytm #paytmsucks #paytmmatkaro #horriblecustomerservice #DigitalBanking\xe2\x80\xa6 https://t.co/k7u2sUiuJm'","neutral"
0,"b'@Vikramjha320 @Paytmcare @Paytm @PaytmMall \xf0\x9f\x98\x80\xf0\x9f\x98\x80\xf0\x9f\x98\x80\xf0\x9f\x98\x80\xf0\x9f\x98\x80'","neutral"
0,"b'Why 3% extra when we transfer money from wallet to paytm payment bank account? \nIf so then what is the use of havin\xe2\x80\xa6 https://t.co/5Gl2mI69Zn'","neutral"
1,"b'@paytm @Paytmcare  Please help me!! My cashback of \xe2\x82\xb950 was refunded back.'","positive"
0,"b'@vijayshekhar @paytm #paytmsucks #paytmmatkaro #horriblecustomerservice #digitalmoney\nGet a call from a person at 2\xe2\x80\xa6 https://t.co/erNWk7CURN'","neutral"
1,"b'@Paytm new app update is not good. I am facing slowness issues while making payments. Also the payment good failed\xe2\x80\xa6 https://t.co/xaBjbIZcxS'","positive"
0,"b""@shantanub @ranjona @Paytm Why anybody needs to use it. It's just making money at our cost.""","neutral"
0,"b'@paytmmallcare @vijayshekhar @Paytm @vijaysjekhar #paytmmatkaro #paytmsucks #horriblecustomerservice #digitalmoney\xe2\x80\xa6 https://t.co/SW2pmlixLE'","neutral"
0,"b'@TheDesiEdge Now #PNB wishes that why they didn\xe2\x80\x99t deposited their money in @Paytm \xf0\x9f\x98\xb9\xf0\x9f\x9a\xa9'","neutral"
0,"b'@BCCIWomen @Paytm Amazing victory   \xf0\x9f\x91\x8f\xf0\x9f\x91\x8f\xf0\x9f\x91\x8f\xf0\x9f\x91\x8f'","neutral"
0,"b'@Paytm @Paytmcare One of my friend is unable to reset his paytm password as he forgot that. He tried to call 012038\xe2\x80\xa6 https://t.co/RCz4JP5V2o'","neutral"
2,"b""@Paytm  \nI had done kyc process for #Paytm 2 days ago but didn't get cashback. There is no customer care support to answer it.""","positive"
0,"b""India's first! We are doing some very serious stuff in a hardcore entertaining way. Don't miss the chance to become\xe2\x80\xa6 https://t.co/jv8ZIgpZDD""","neutral"
-2,"b'@Paytm Paytm@Care    tragic no reply.This is definitely not CC. My grievance is I HV lost details of my acct and 60\xe2\x80\xa6 https://t.co/YhlaCKbIgy'","negative"
-1,"b'No aadhar, no kyc in paytm, other documents are useless as it cant be verified.@Paytmcare @Paytm @ShaileshSana @_DigitalIndia'","negative"
0,"b'#Paytm @Paytm @Paytmcare @RBI  Paytm walo chor ho tum \n.pese kaat liye mere'","neutral"
0,"b'@Paytmcare Kindly help with doorstep KYC completion instead of paying to PayTM outlet. I hope it is easy for @Paytm @Paytmcare'","neutral"
0,"b'Now you can pay all your #LIC renewal premium through @Paytm'","neutral"
1,"b'@SankalpDikshit @_ShankarNath @Paytm Pleasure was entirely ours. All the best for your future plans.'","positive"
0,"b'@money_bhaskar @PaytmBank @Paytm @PaytmMall @renusatti Superlyk #Waytogo #Paytm_karo'","neutral"
2,"b'@Paytmcare i want instant resolution. I dont have enough time like you and your company @vijayshekhar @Paytm'","positive"
-1,"b'@Paytmcare how much years you will take to resolve my issue...if you cant serve your customers then please shut dow\xe2\x80\xa6 https://t.co/YccBBFHwDX'","negative"
-1,"b""@BCCIWomen @BCCI_Women @Paytm No Live Matches On Tv. What's Happening? Is it Justified?  Please""","negative"
-1,"b'@Paytmcare @Paytm  my Order #4894788040 of Canon PIXMA G3000 Is delayed. Not happy with your service. @delhivery co\xe2\x80\xa6 https://t.co/CAj4NluRz6'","negative"
0,"b'Loved the new look of #Paytm. @Paytm @Paytmcare \nGuys u r awesome gateway... https://t.co/9liWwfTqQ8'","neutral"
1,"b'@SPSrivastav1986 @vijayshekhar @Paytm @PaytmBank @renusatti It doesn\xe2\x80\x99t work at half of the atms ! Wasted my 120rs. #lol #paytm'","positive"
0,"b'@Paytm ...i didnt get my wallet balance after reinstalling ur app...plz pay attention to this'","neutral"
0,"b'I added money from my debit card ,money is debited from my bank account but did not added in my paytm wallet . kind\xe2\x80\xa6 https://t.co/vMvZsS2L9w'","neutral"
-1,"b'@Paytm @Paytmcare PAYTM FRAUD have taken place at IRTC WALLET..\nReference numbers\norder id...100001196493905 for Rs\xe2\x80\xa6 https://t.co/Vu16VC9V9x'","negative"
3,"b'Here is for the winners! Congratulations team @Paytm for winning Abby awards \xe2\x9c\x8c\xf0\x9f\x8f\xbb https://t.co/fJFraHjlpO'","positive"
0,"b'@uttamrajak1601 @Paytm @vijayshekhar minimal is exactly what I wanted'","neutral"
0,"b'@Paytm @Paytmcare @vijayshekhar waiting from 15 minuets but no update and your customer service is also very poor.\xe2\x80\xa6 https://t.co/gVMilpBrpx'","neutral"
-1,"b'@Paytm @Paytmcare really disappointed with your services. Money deducted from my bank account but not added in paytm wallet..@vijayshekhar'","negative"
1,"b'Met @_ShankarNath, Sr. VP, Paytm and @Jas_Kapany, VP, Marketing, Paytm.\nIt is supremely thrilling to interact with\xe2\x80\xa6 https://t.co/ceyHi2MOpO'","positive"
-1,"b'@Paytmcare \n@Paytm \n@vijayshekhar \nPlease update my Paytm wallet immediately without fail else I need to go for leg\xe2\x80\xa6 https://t.co/eaQ79BZ8lj'","negative"
1,"b'Dear @Paytm , I transferred 400 Rs. to someone, transaction was successful, amount debited from my bank account but\xe2\x80\xa6 https://t.co/R3ZrwBbRky'","positive"
-1,"b'@Paytm \n@vijayshekhar \nPlease update my Paytm wallet immediately without fail else I need to go for legal action ag\xe2\x80\xa6 https://t.co/Be0sBOuaAN'","negative"
-1,"b'@Paytmcare @Paytm please provide the address of a kyc center near pitampura, new delhi (or rohini/shalimar bagh), w\xe2\x80\xa6 https://t.co/DP5bR4aSiT'","negative"
0,"b'Okay @Paytm but:\n1. What does that even mean?\n2. Why did you do it w/o me asking for it?\n@Paytmcare https://t.co/J04ETU4S8J'","neutral"
-1,"b'@Paytm Such a worst app@Paytm is.i earlier transferred my paytm wallet balance to paytm payments bank without\xe2\x80\xa6 https://t.co/8QSFyf7Sy8'","negative"
0,"b'@Paytm @Paytmcare\nAgent at srisha technology is asking money for KYC verification claiming its what they have been\xe2\x80\xa6 https://t.co/KsBWWhiPzv'","neutral"
0,"b'@prayatna_fac @savesmilees @hareesh_9999 @Deepikaa123 @vatsann @kishorev1988 @pratyusha @Urs_BRK @Abhishekboss2\xe2\x80\xa6 https://t.co/2m6T3OO8J2'","neutral"
0,"b'.@Paytm to launch a dedicated app for investing in #mutualfunds\nhttps://t.co/cQdTlCoVT9'","neutral"
0,"b'@Paytm what is your problem?why are you causing this inconvenience to us? No money transfer, no kyc update, no Cent\xe2\x80\xa6 https://t.co/DU3dNgTGoI'","neutral"
-1,"b'@nirupamroy @Paytmcare @Paytm Same problems but issue not solved \n9810686171'","negative"
0,"b'@Paytm mera 666 rs ka b s n l recharge kiye the.recharge cancil ho gya..Par paisa cut gya aur abhi tk nahi aaya kya kru?'","neutral"
0,"b'@Paytm @Paytmcare Why you guys hv double standards?!? You don\xe2\x80\x99t ask my kyc when I hv to add the money in ur wallet\xe2\x80\xa6 https://t.co/grMgriVjqC'","neutral"
-2,"b'@paytm @Paytmcare Due to failed transactions by paying through Debit card via Paytm, my money got stuck in Paytm Wa\xe2\x80\xa6 https://t.co/wvpXtmPzyb'","negative"
0,"b'@SPSrivastav1986 @PaytmBank @Paytm @vijayshekhar @renusatti what is thi paytm..\n i am not use code recharge other n\xe2\x80\xa6 https://t.co/bfjg83shed'","neutral"
0,"b'@Paytm are bhaio paytm se bachke rehna thode se lalach ke chakkar me kabhi bhi merchant account mat banana mene ban\xe2\x80\xa6 https://t.co/CUCM2eIe1g'","neutral"
0,"b""@Paytm \nWhat is going app to your app? I'm continously trying to login my account from 1 hour but it showing error?\xe2\x80\xa6 https://t.co/yeERe1JU3q""","neutral"
0,"b""@Paytmcare @Paytm I gave you my contact no.&amp; mail id yesterday then you didn't do anything.will you give me cash ba\xe2\x80\xa6 https://t.co/D8HBZmb0eJ""","neutral"
0,"b""I added money from debit card, the money is debited from my account my did not added in paytm wallet.i don't know h\xe2\x80\xa6 https://t.co/ZgIC2V9Stp""","neutral"
0,"b'Dear sir \n Mene abhi abhi apne paytm me 2000 add kiye they confurm nhe hua or mere account se 2000 debits ho gaye p\xe2\x80\xa6 https://t.co/lcRusYLGWx'","neutral"
0,"b'@LAVGUPTABIHIYA @Paytm @PaytmBank @PaytmTravel @vijayshekhar @Paytmcare no care'","neutral"
0,"b'@Paytm why you down? https://t.co/rOd1IVx2Rj'","neutral"
0,"b'@shantanub @Paytm When I last tried to pay my electricity bill the site would only accept payment by card  via Payt\xe2\x80\xa6 https://t.co/imxOvXB8hf'","neutral"
0,"b'@vijayshekhar @PaytmMall @amitsins @Paytm still i am facing number update \nwhat happened paytm now becomes slightly\xe2\x80\xa6 https://t.co/P3MluqWYoJ'","neutral"
-1,"b""@vijayshekhar @one_by_two I can't login my paytm wallet ... Showing some error.... Please work on it. My app up to\xe2\x80\xa6 https://t.co/WLf1dxlpP4""","negative"
0,"b'@Paytm any response?'","neutral"
-1,"b'@Paytm I am not able to login. What hell is this? @vijayshekhar https://t.co/CmAAd9YgRn'","negative"
0,"b'@imbevda @Paytm @Paytmcare Guys from @Paytm atleast respond to your client....asap! A solution is needed when the p\xe2\x80\xa6 https://t.co/YEfovBnakg'","neutral"
0,"b'Not able to login to paytm account from past 20 minutes.. @Paytm'","neutral"
1,"b'Hera the other...&amp; i have all call recording....&amp;.... email...what @PhonePe_ customer support say...fake promise...\xe2\x80\xa6 https://t.co/DezyQpu6O5'","positive"
0,"b'@Paytm'","neutral"
0,"b""@PaytmMall @Paytmcare @Paytm . I didn't expect this from paytm service .I have dropped many message but no reply.""","neutral"
1,"b'@Paytm Paytm is Not Working ??? https://t.co/Qtje5oOI4s'","positive"
0,"b'Hi @Paytm, please advise on steps to permanently delete my #Paytm account. Thanks!'","neutral"
0,"b'@Paytm @Paytmcare Update my KYC till tomorrow or else give me my money back.\n\n\xf0\x9f\x98\xa0\xf0\x9f\x98\xa0\xf0\x9f\x98\xa0'","neutral"
-2,"b'@Paytm @Paytmcare still i am facing number update problem \nur worst customer care in india https://t.co/cWxQrjaejQ'","negative"
0,"b'@paytm karo :) https://t.co/S6fBfHBmGh'","neutral"
0,"b'@BipinSingh As someone who has been tricked by @MobiKwik many a time I find your tweet to be written in pure frustr\xe2\x80\xa6 https://t.co/qsYHNcOdgv'","neutral"
-1,"b'@Paytm @Paytmcare Hopeless and Pathetic way of giving false hopes. I was waiting like fools from 1 week and no one\xe2\x80\xa6 https://t.co/BzWn0ZIfvC'","negative"
0,"b'Why u changed 3% for while transferred my @Paytm wallet to bank account.Iam already completed KYC .As per ur rules,\xe2\x80\xa6 https://t.co/lBY1p7oPYq'","neutral"
-1,"b'@Paytm @Paytmcare You guys are expert in making the customer look fool. Wating for your executive since 1 week for\xe2\x80\xa6 https://t.co/YdEjIHahCv'","negative"
0,"b'@Paytmcare @PaytmMall @Paytm\n#Paytm \n01133996699\n01133776677\n0120 388 8388\n\nLet us know from which number we can re\xe2\x80\xa6 https://t.co/lIEcLEKPMu'","neutral"
-1,"b'@Paytm @Paytmcare Hi paytm, please provide the official business contact/email details, where i can send the Busine\xe2\x80\xa6 https://t.co/jm0KxvXcW7'","negative"
0,"b'Is @Paytm down..trying logging in for past half hour that too from 3 diff phones. @Paytmcare https://t.co/OnsHz491WP'","neutral"
1,"b'@SPSrivastav1986 @vijayshekhar @Paytm @PaytmBank @renusatti @vijayshekhar sir im still waiting 4r my refund 4rm\xe2\x80\xa6 https://t.co/8QdfDculjP'","positive"
0,"b'@Paytm @Paytmcare bhai ye kab chalu hoga?? https://t.co/TNpD2XBYAD'","neutral"
0,"b""@Paytm trying to reach on customer services from 1 hour, got 4 different numbers but can't reach any representative\xe2\x80\xa6 https://t.co/ytHMyygb5C""","neutral"
-1,"b'@Paytm  please fix the issue https://t.co/m7bXHaLQhE'","negative"
0,"b'@Rahul_Dogra @Paytm @Paytmcare Na bhai its not working..they have loosed investment'","neutral"
-1,"b'@paytm 9274031231 is number pe to call hi mat krna uske liye 7574841140 ke call karna koi jankari ke liye. Please i\xe2\x80\xa6 https://t.co/GklEPhVtmQ'","negative"
-1,"b'#paytm not responding. Dont know why??? Seems as if after #DefenceMinistry website they arr trying to hack #Paytm too\xf0\x9f\x98\x82\xf0\x9f\x98\x82 @Paytm @Paytmcare'","negative"
-2,"b'You fucking dolts @Paytm @Paytmcare your servers are shit and app even more shit..unable to use my own money in my\xe2\x80\xa6 https://t.co/RCVlGBMTZJ'","negative"
0,"b'@Paytm plans a major push in the #FinancialServices sector by launching services including mutual funds, general in\xe2\x80\xa6 https://t.co/mcziEtsYwd'","neutral"
0,"b'@Paytm aap log daily mere number 9274031231 pe call kar rahe ho paytm kyc ke liye. Mene kitni bar bola hai ki mere\xe2\x80\xa6 https://t.co/JaR2wEws4a'","neutral"
0,"b'@Cashify_ informed CC abt missing referral benefit, however no resolution provided. Opposite party got xtra benefit\xe2\x80\xa6 https://t.co/BHOjOjPCG5'","neutral"
0,"b'@Paytm @Paytmcare  Order no : 4882061756. Already mailed and called many times. Still at same place. No solution pr\xe2\x80\xa6 https://t.co/gdr9XG4dzd'","neutral"
1,"b'@Paytm  any update on my order no. :4882061756. Or, you do not want to do it. No, perfect reply from you.'","positive"
-2,"b'@Paytm it\xe2\x80\x99s reference transaction id 808514182103 please help @ICICIBank to get my problem resolved @ICICIBank_Care'","negative"
0,"b""I'm not received otp @Paytmcare @Paytm https://t.co/cO0Mb8GyNe""","neutral"
0,"b'Today I had gone for Paytm KYC at R-149, Ramdas Swamy Marg, Sector 4, Airoli, Navi Mumbai, Maharashtra 400708 which\xe2\x80\xa6 https://t.co/GMyM4fVHB8'","neutral"
-1,"b'@Paytm  can you guys please look into my query ref no - 59466201 ? These is no response on it today.'","negative"
2,"b'My cashback Rs. 5&amp;12 not send my account Paytm not good app @Paytm @Paytmcare @PaytmMall https://t.co/vu5neTflpN'","positive"
0,"b'@Paytm I didn\xe2\x80\x99t get any response on this even I replied to your mail also why you guys are so irresponsible to reso\xe2\x80\xa6 https://t.co/chwmMWUBj2'","neutral"
1,"b'@BCCI @Paytm Must win.'","positive"
-1,"b'@Paytm the fraud bank....paytmbank'","negative"
1,"b'@Paytmcare @BipinSingh @MobiKwik @MobiKwikSWAT Thanks @Paytm , My tweet was mainly addressed to mobikwik as they ke\xe2\x80\xa6 https://t.co/m8Giv8HKNd'","positive"
0,"b'@Paytm Today I had gone to @Paytm for KYC in R-149, Ramdas Swamy Marg, Sector 4, Airoli, Navi Mumbai, Maharashtra 4\xe2\x80\xa6 https://t.co/huPJchL88V'","neutral"
0,"b'@BCCIWomen @Paytm Kis channel pe aata hai live match?'","neutral"
1,"b'@SPSrivastav1986 @vijayshekhar @Paytm @PaytmBank @renusatti You paid 120 bucks for that. What is so nice about a ba\xe2\x80\xa6 https://t.co/ARwOgrbjjp'","positive"
-1,"b'@paytm really disgusting told me that we will reach you no call back nothing'","negative"
1,"b""@Paytmcare No leave it... I've uninstalled PayTM...it was really a nice time with you guys... I've been using\xe2\x80\xa6 https://t.co/oX7UxHr1gI""","positive"
0,"b'@Paytm in your mega sale madhur sugar cost 295 and @amazonIN normally it is sold for 202. Do let me know if there i\xe2\x80\xa6 https://t.co/sJlKxx0XRQ'","neutral"
2,"b'i paid by upi and eligible to get rs 30 cashback 4878989501 and 4875366209. I am not getting cashback for these orders @Paytmcare @Paytm'","positive"
1,"b'@mjainrock @vijayshekhar @Paytm @PaytmBank U can check all ur activites and transactions on well maintained @paytm\xe2\x80\xa6 https://t.co/yNMQXHnhgk'","positive"
-1,"b'@PaytmBank @Paytm Please add @OnePlus_IN  products on @Paytm'","negative"
0,"b""@Paytm it's been more then 4 months, tired of contacting paytm abt kyc, changed city changed number a year before,\xe2\x80\xa6 https://t.co/wLFnRueaiO""","neutral"
0,"b'Please add @OnePlus_IN  products on @Paytm. Really waiting to buy from Paytm.'","neutral"
0,"b""@Paytm I've whatsapp you from my merchant RMN kindly check. As I want to receive payment on my @PaytmBank account.\xe2\x80\xa6 https://t.co/1PDexzxuLI""","neutral"
0,"b'@ViswajitRaman @Paytmcare @Paytm how does one unsubscribe and get data wiped out?'","neutral"
0,"b'Finally got my kyc issues resolved by @Paytmcare @Paytm ;thnku'","neutral"
0,"b'@Paytmcare Hello @paytm @paytmcare \nFrom last 10days I am requesting you again and again for KYC verification.But u\xe2\x80\xa6 https://t.co/FHiS8RnivQ'","neutral"
-2,"b'@Paytmcare my address is not verified please help and no nearby point please help @Paytm https://t.co/jF5WcWbsS1'","negative"
0,"b'@Paytm @Paytmcare dear paytm care mera paytm account 2 month se block chal rha h.aur appke castumar care koi reply\xe2\x80\xa6 https://t.co/4tKYOyBgMl'","neutral"
0,"b'@Paytmcare @Paytm I Still havnt recieved my refund...never knew paytm will be such a waste of time.'","neutral"
0,"b'@FreeCharge @Paytm is giving More discount than you guys.'","neutral"
-2,"b'@Paytm CHOR HAI \nSUB BACH KAR RAHNA\n@narendramodi KE NAAM PER THREAT KAR KE LOOT RAHE HAI'","negative"
0,"b'What the hell Paytm is not working today @Paytm @Paytmcare'","neutral"
1,"b'@BCCI @Paytm All the best'","positive"
1,"b'@vijayshekhar @PaytmMall @amitsins @Paytm Paytm is not working . Think about that...Force to download another payment app'","positive"
0,"b'Is there any outage today not able to transact @Paytm @PaytmBank'","neutral"
0,"b'@Paytm Hi'","neutral"
-1,"b'@Paytm Very sluggish response. Every time they come up with standard template reply.'","negative"
-1,"b'@Paytmcare @Paytm \nFacing problem in adding money to wallet...'","negative"
0,"b'@Paytm how do I delete my account?'","neutral"
1,"b'Is Paytm KYC done for free of cost or should we pay 40 to 60\xe2\x82\xb9 as your KYC point franchises merchants force us to pa\xe2\x80\xa6 https://t.co/8v6vZA1OXA'","positive"
0,"b'@Paytmcare @Paytm why charge for bank to bank transfer...is there some RBI guidelines on this? https://t.co/GyU7L7MGcP'","neutral"
1,"b'@dilipsainidks @PaytmBank @vijayshekhar @Paytm @Paytmcare RBI ke rules ke hisab se\nAagar Kyc nahi he toh cashback nahi aayega'","positive"
0,"b'Since last weekend for #Rangasthalam in Chennai. Grab ur tickets soon.\n@Paytm offer https://t.co/XeCDDT20ar'","neutral"
1,"b""Great support by @Paytm &amp; @Paytmcare few months ago I'hv helped their cyber cell team 2 get some info abt d fraudul\xe2\x80\xa6 https://t.co/Rdo1zq5jpl""","positive"
-1,"b""One of worst customer service ever..\nI'm training to call  last 1 week onwards  continuously but no one agent is re\xe2\x80\xa6 https://t.co/h2EKLRTNuN""","negative"
0,"b""@Paytmcare it's been more than an hour, still issue not resolved... mailed and tweeted issue snapshotb but no respo\xe2\x80\xa6 https://t.co/BneeXZiwMa""","neutral"
1,"b'@BCCIWomen @Paytm would have preferred to have watched it live on tv ... not just the highlights.. but at least thi\xe2\x80\xa6 https://t.co/pEiGlz5YI0'","positive"
1,"b""@Paytm @PaytmBank @Paytmcare This is so not good, I've a merchant account, I received a payment on 31st March, whic\xe2\x80\xa6 https://t.co/nFTscLkJDd""","positive"
0,"b""@Paytm  what's your helpline number""","neutral"
0,"b'@Paytm Passbook is having issue in opening and adding money to wallet. #paytmdown'","neutral"
2,"b'@BCCIWomen @Paytm What a girl @mandhana_smriti is she always gives her best but unfortunately rarely gets support from other end'","positive"
0,"b'@BCCIWomen @Paytm I want to make a new captain of India and the new captain is smriti mandhana.'","neutral"
-1,"b'@Paytm Please, me\xf0\x9f\x98\x8d #TheGrubFest'","negative"
0,"b'Hi @Paytm @vijayshekhar  \xe0\xa4\x9c\xe0\xa4\xac \xe0\xa4\x86\xe0\xa4\xaa \xe0\xa4\x97\xe0\xa5\x8d\xe0\xa4\xb0\xe0\xa4\xbe\xe0\xa4\xb9\xe0\xa4\x95\xe0\xa5\x8b\xe0\xa4\x82 \xe0\xa4\x95\xe0\xa5\x8b \xe0\xa4\x85\xe0\xa4\x9a\xe0\xa5\x8d\xe0\xa4\x9b\xe0\xa5\x80 \xe0\xa4\xa4\xe0\xa4\xb0\xe0\xa4\xb9 \xe0\xa4\xb8\xe0\xa5\x87 \xe0\xa4\xb8\xe0\xa5\x87\xe0\xa4\xb5\xe0\xa4\xbe \xe0\xa4\xa8\xe0\xa4\xb9\xe0\xa5\x80\xe0\xa4\x82 \xe0\xa4\xa6\xe0\xa5\x87 \xe0\xa4\xb8\xe0\xa4\x95\xe0\xa4\xa4\xe0\xa5\x87 \xe0\xa4\xb9\xe0\xa5\x88\xe0\xa4\x82, \xe0\xa4\xa4\xe0\xa5\x8b \xe0\xa4\x86\xe0\xa4\xaa\xe0\xa4\xa8\xe0\xa5\x87 \xe0\xa4\x88-\xe0\xa4\x95\xe0\xa5\x89\xe0\xa4\xae\xe0\xa4\xb0\xe0\xa5\x8d\xe0\xa4\xb8 \xe0\xa4\xb5\xe0\xa5\x87\xe0\xa4\xac\xe0\xa4\xb8\xe0\xa4\xbe\xe0\xa4\x87\xe0\xa4\x9f \xe0\xa4\x85\xe0\xa4\xac \xe0\xa4\x91\xe0\xa4\xa8\xe0\xa4\xb2\xe0\xa4\xbe\xe0\xa4\x87\xe0\xa4\xa8 \xe0\xa4\xb5\xe0\xa5\x8d\xe0\xa4\xaf\xe0\xa4\xbe\xe0\xa4\xaa\xe0\xa4\xbe\xe0\xa4\xb0 \xe0\xa4\x95\xe0\xa5\x8d\xe0\xa4\xaf\xe0\xa5\x8b\xe0\xa4\x82 \xe0\xa4\x96\xe0\xa5\x8b\xe0\xa4\xb2\xe0\xa4\xbe \xe0\xa4\xb9\xe0\xa5\x88?'","neutral"
0,"b'@Paytmcare @Paytm \n9855594089 https://t.co/muihn7OKmG'","neutral"
0,"b'How can I get invoice of my order on email @Paytm @Paytmcare'","neutral"
-1,"b'@Paytm is the app down with some technical glitches???'","negative"
0,"b'@BCCIWomen @Paytm Congratulations India women team.  Amazing match'","neutral"
0,"b'@Paytm  You have a good trick up your sleeve to take our money. Just add it in the wallet and not let us use it unt\xe2\x80\xa6 https://t.co/HUZe64pbh5'","neutral"
-3,"b'@Paytm worst n poor service by paytm they even bother about there customer services nor they tried to respond to th\xe2\x80\xa6 https://t.co/FvqvV9QV4x'","negative"
0,"b'@Paytm Cancel ""Tide Detergent Powder"" in Order No. 4923023961 or cancel whole order (if single product can\'t be can\xe2\x80\xa6 https://t.co/MJo5VzaFRE'","neutral"
0,"b'@BCCIWomen @Paytm Congratulations team India \xf0\x9f\x87\xae\xf0\x9f\x87\xb3'","neutral"
0,"b'@punithrkc @arunjaitley @narendramodi @Paytm @renusatti @amitsins Can u plz look into the issue'","neutral"
2,"b'what is the use of using #payzapp now @Paytm is much better than #payzpp owned by the great @HDFC_Bank\xe2\x80\xa6 https://t.co/szDpg0O4oq'","positive"
0,"b'bank ka to issue h nhi\n@Paytmcare \n@Paytm https://t.co/i5TAwWzKyE'","neutral"
0,"b'@Paytmcare @Paytm  pls resolve ur technical issues soon. I need to login my account we re facing technical issues t\xe2\x80\xa6 https://t.co/awHJrk1Ly8'","neutral"
0,"b'@mitul_sivakumar @vijayshekhar @Paytm @Tesla @elonmusk never used @facebook for advertising but @Paytm did..'","neutral"
0,"b""@UIDAI I would definitely do that but it's been 6 days they haven't even provided me explanation for this. I need t\xe2\x80\xa6 https://t.co/DKGG7C1uAk""","neutral"
2,"b'@Paytmcare @paytm it doesn\xe2\x80\x99t look like you are too keen to help. I am still not getting any response from you. I ha\xe2\x80\xa6 https://t.co/eJ06xDyEYL'","positive"
1,"b'@BCCIWomen @Paytm All the best'","positive"
2,"b""WATCH highlights of India's thrilling one-wicket win over England in the 1st @paytm #ODI in Nagpur here - https://t.co/8XAzxCjdGF""","positive"
-1,"b'@vijayshekhar you have been criticizing facebook but @Paytm is in facebook and also an advertiser. when I dowloaded\xe2\x80\xa6 https://t.co/HyLtt9gda1'","negative"
0,"b'Having many problems regarding my paytm bank account. Money deducted 2 times from my account and no resolution till\xe2\x80\xa6 https://t.co/JuQrOUe3OL'","neutral"
0,"b'@Paytm @patelank4u'","neutral"
0,"b'@Paytm\nI recharge my delhi metro card on 1st april of Rs.200/-but till date money can not reflect in my metro card\xe2\x80\xa6 https://t.co/NBjfFC1v4i'","neutral"
1,"b'@Paytmcare @Paytm @PaytmMall @Paytmcare  my issues are still not solved. Do you guys have some sort of support?'","positive"
0,"b""I didn't get benifit of 7 pe 70 offer  @Paytm @Paytmcare @PaytmBank    my upi transection aee  more than 7  after a\xe2\x80\xa6 https://t.co/KF8ggOp3RX""","neutral"
0,"b'@Paytm hi i have transfer 5k amount to my friend account balance decducted from my account but my frnd not recv any\xe2\x80\xa6 https://t.co/1JMDTxwJQe'","neutral"
1,"b'@vickykumarlax @Paytm @Paytmcare hope Paytm is working to resolve issue... any TAT?'","positive"
0,"b'Thanks @Paytm @Paytmcare @HDFC_Bank @HDFCBank_Cares for resolving my problem.. Thanks a lot....'","neutral"
0,"b'@IamRam0997 @Langer_Mayanti @BCCIWomen @Paytm @M_Raj03 @ImHarmanpreet @mandhana_smriti @ImSushVerma @vedakmurthy08\xe2\x80\xa6 https://t.co/4vA9uMY94H'","neutral"
0,"b'@Paytm @Paytmcare @PaytmMall @paytmmallcare Are you listening Cheaters...I want that product or you will give me a\xe2\x80\xa6 https://t.co/7IiDY7a3Cz'","neutral"
0,"b'@Paytm countinue facing a troubleshooting to login.'","neutral"
-1,"b'@Paytm @Paytmcare @PaytmMall @paytmmallcare What the hell is this...??? My order No- 4863446259 is cancelled why..?\xe2\x80\xa6 https://t.co/n81AAxUIXM'","negative"
-1,"b'@Paytmcare @Paytm due to your App error i didnt able to book the train tickets and money is also deducted and i hav\xe2\x80\xa6 https://t.co/4xfz5NWVMo'","negative"
0,"b'@Paytm Rs. 70.00 paid to Dinesh kumar by 8XXXX88599 at Apr 6, 2018 3:45 PM.\nOrder Id: 2018040615450600. For any con\xe2\x80\xa6 https://t.co/9S8dhS6i4V'","neutral"
0,"b'@Paytm  \xe0\xa4\xa6\xe0\xa4\xbf. 01.03.18 \xe0\xa4\x95\xe0\xa5\x8b \xe0\xa4\xae\xe0\xa5\x88\xe0\xa4\xa8\xe0\xa5\x87\xe0\xa4\x82 \xe0\xa4\xb0\xe0\xa4\xbe\xe0\xa4\x9c\xe0\xa5\x82 \xe0\xa4\x95\xe0\xa4\xae\xe0\xa5\x8d\xe0\xa4\xaf\xe0\xa5\x81\xe0\xa4\xa8\xe0\xa4\xbf\xe0\xa4\x95\xe0\xa5\x87\xe0\xa4\xb6\xe0\xa4\xa8 \xe0\xa4\xb8\xe0\xa5\x81\xe0\xa4\xad\xe0\xa4\xbe\xe0\xa4\xb7 \xe0\xa4\xa8\xe0\xa4\x97\xe0\xa4\xb0 \xe0\xa4\xb8\xe0\xa4\xb9\xe0\xa4\xbe\xe0\xa4\xb0\xe0\xa4\xa8\xe0\xa4\xaa\xe0\xa5\x81\xe0\xa4\xb0 \xe0\xa4\xb8\xe0\xa5\x87 Paytm \xe0\xa4\x95\xe0\xa4\xbe KYC \xe0\xa4\x85\xe0\xa4\xaa\xe0\xa4\xa1\xe0\xa5\x87\xe0\xa4\x9f \xe0\xa4\x95\xe0\xa4\xb0\xe0\xa4\xbe\xe0\xa4\xaf\xe0\xa4\xbe, \xe0\xa4\x89\xe0\xa4\xb8\xe0\xa4\x95\xe0\xa5\x87 \xe0\xa4\xa6\xe0\xa5\x8d\xe0\xa4\xb5\xe0\xa4\xbe\xe0\xa4\xb0\xe0\xa4\xbe \xe2\x82\xb940 \xe0\xa4\xb2\xe0\xa4\xbf\xe0\xa4\x8f, \xe0\xa4\xae\xe0\xa5\x87\xe0\xa4\xb0\xe0\xa4\xbe \xe0\xa4\xa8\xe0\xa4\x82. 8077663219'","neutral"
1,"b'@Paytm Paytm not working . https://t.co/39HOVdyRyN'","positive"
0,"b'@BCCI @Paytm E sala cup namde'","neutral"
2,"b'@BCCIWomen @Paytm Great win ind vs eng'","positive"
0,"b'@Paytm @Paytmcare Im really serious my money is wasted in wallet. What shoud i do other than mail or message u caus\xe2\x80\xa6 https://t.co/EayhwEH5l2'","neutral"
0,"b'@Paytm @Paytmcare Forget about kyc, i have done my kyc and my account is blocked with no reason, i feel frustrated\xe2\x80\xa6 https://t.co/0HUtTQsz4H'","neutral"
0,"b'@Rahul_Dogra @Paytm I m also facing'","neutral"
0,"b'@Paytmcare @Paytm I have requested KYC of paytm 1 month ago but still no agent visit my address. My last request de\xe2\x80\xa6 https://t.co/AHKAhpCCis'","neutral"
0,"b'@Paytm I have made a transaction of Electricity bill dated 02-04-2018. Order no is 4900547875. But still now it is\xe2\x80\xa6 https://t.co/SQAgt82Ilb'","neutral"
1,"b'@rkUntold @TezbyGoogle @Paytm @PhonePe_ Thanks for the suggestion. Will keep that in mind.'","positive"
-1,"b'Care to tell me what the fuck is this? @Paytm https://t.co/Sf0Jd98lSt'","negative"
1,"b'@Paytm right now your services are down.... enclosing screenshot.. . https://t.co/GhU4xlin1z'","positive"
0,"b'#paytmdown @Paytmcare @PaytmBank @Paytm https://t.co/DzHIOYxqag'","neutral"
0,"b'@PritishSocial @BishnuAnkit @Anika_Mishra_MI @Ishita_MI @A_Ashrita Still believe @Paytm can do a ton of things but\xe2\x80\xa6 https://t.co/Es5vDgMqcW'","neutral"
0,"b'PAYTM \xe0\xa4\x95\xe0\xa4\xb0 \xe0\xa4\xb0\xe0\xa4\xb9\xe0\xa4\xbe \xe0\xa4\xb9\xe0\xa5\x88 \xe0\xa4\xa7\xe0\xa4\xbe\xe0\xa4\x82\xe0\xa4\xa7\xe0\xa4\xb2\xe0\xa5\x80, \xe0\xa4\xae\xe0\xa5\x87\xe0\xa4\xb0\xe0\xa5\x87 ACCOUNT \xe0\xa4\xae\xe0\xa5\x87\xe0\xa4\x82 BARCODE \xe0\xa4\xb8\xe0\xa5\x87 \xe0\xa4\xb8\xe0\xa5\x8d\xe0\xa4\x95\xe0\xa5\x88\xe0\xa4\xa8 \xe0\xa4\x95\xe0\xa4\xb0\xe0\xa4\x95\xe0\xa5\x87 \xe0\xa4\xaa\xe0\xa5\x88\xe0\xa4\xb8\xe0\xa5\x87 \xe0\xa4\x86\xe0\xa4\xaf\xe0\xa5\x87 \xe0\xa4\xb2\xe0\xa5\x87\xe0\xa4\x95\xe0\xa4\xbf\xe0\xa4\xa8 6 \xe0\xa4\xa6\xe0\xa4\xbf\xe0\xa4\xa8 \xe0\xa4\xac\xe0\xa5\x80\xe0\xa4\xa4 \xe0\xa4\x9c\xe0\xa4\xbe\xe0\xa4\xa8\xe0\xa5\x87 \xe0\xa4\x95\xe0\xa5\x87 \xe0\xa4\xac\xe0\xa4\xbe\xe0\xa4\xa6 \xe0\xa4\xad\xe0\xa5\x80 \xe0\xa4\xa8\xe0\xa4\xb9\xe0\xa5\x80 \xe0\xa4\x86\xe0\xa4\xaf\xe0\xa4\xbe \xe0\xa4\xac\xe0\xa5\x88\xe2\x80\xa6 https://t.co/f7twOxKU9E'","neutral"
-1,"b'Having too many problems with my paytm saving bank account. Money is being deducted 2 times and still no resolution.@paytm'","negative"
1,"b""Hey @PaytmBank @Paytm , just hot my DEBIT card...hope services will never let me negative for India's most sincere\xe2\x80\xa6 https://t.co/0mCsYmTu8p""","positive"
-1,"b'@souravdashing1 @chopraanjum @Paytm @BCCIWomen @mandhana_smriti @ImHarmanpreet @M_Raj03 Her strike rate of 66 in ODIs tells you the story..'","negative"
0,"b'@Paytm @Paytmcare @PaytmMall  my 2 prepaid orders have been cancel and your cx team is saying that it has been canc\xe2\x80\xa6 https://t.co/Ml408qweWP'","neutral"
0,"b'@ripalgparmar @chopraanjum @Paytm @BCCIWomen And anya shrubsole..'","neutral"
0,"b'@paytmmallcare @PaytmMall @Paytmcare @Paytm \nQuery 58324390'","neutral"
0,"b'@shantanub @Paytm I never got #Paytm especially after seeing how their growth in business was directly proportionat\xe2\x80\xa6 https://t.co/y7TPlnhidw'","neutral"
1,"b'@Paytm @Paytmcare @PaytmMall @PaytmTravel Goair has cancelled my ticket with full refund. Booking id 4293028864\nThe\xe2\x80\xa6 https://t.co/Q760rZsqpX'","positive"
1,"b'@_DPSingh @TezbyGoogle @Paytm @PhonePe_ Go with #PhonePe, way better than #Paytm. \xf0\x9f\x98\x8a'","positive"
0,"b'@pratikpatel @yadav_so_nu @vijayshekhar @Paytm I too can Guess it very easily bro delete it asap'","neutral"
-1,"b'@paytm what a lousy service. You trick people into adding money to wallet but don allow them to use on pretext of K\xe2\x80\xa6 https://t.co/kHmdTkVyHH'","negative"
-1,"b'Why your KYC completion is such a pain @Paytmcare trying to schedule appointment with the @Paytm executive using th\xe2\x80\xa6 https://t.co/mBApNSkZWc'","negative"
0,"b'@thebharatseva @paytmbankcare @Paytm @PaytmBank @Paytmcare @vijayshekhar @One97 @renusatti @PMOIndia\xe2\x80\xa6 https://t.co/5ueUERFx5G'","neutral"
0,"b'@Paytm not be able to add money https://t.co/C1gNLloerJ'","neutral"
0,"b'@Paytmcare @Paytm @Bharatsevacare @vijayshekhar @Paytm @Paytmcare query reference no.: 59236825 is now resolved. Ju\xe2\x80\xa6 https://t.co/64Yrv8iaWp'","neutral"
0,"b""@BCCIWomen @Paytm We can't see match presentation""","neutral"
0,"b'same here.. i recorded him saying this. @paytm didn\xe2\x80\x99t do anything (why would they?). Finally uninstalled the app an\xe2\x80\xa6 https://t.co/kbHiPOw3JT'","neutral"
0,"b'My paytm number is 8502982532, I have been calling the customer career for a long time. It is not for me that in th\xe2\x80\xa6 https://t.co/CSBrD7BxwF'","neutral"
-2,"b'@thebharatseva @arunjaitley ji @narendramodi ji please help me. Tht amnt is very much needed for me. @paytm looted my money'","negative"
1,"b'Close games are a combination of skill, tactics and most of all in this nail biter btw @BCCIWomen &amp; @ECB_cricket ..\xe2\x80\xa6 https://t.co/TiYj0NNozW'","positive"
1,"b'Is @Paytmcare @Paytm down right now  have a look into this issue and fix it as soon As possible https://t.co/EW8rh4hmll'","positive"
0,"b'@PaytmMall @PaytmTravel @PaytmTickets @PaytmMoney @PaytmBank @paytmcanada @paytmlabs @Paytm @paytmmallcare\xe2\x80\xa6 https://t.co/UlmHLwkkWE'","neutral"
0,"b'@sthalekar93 @ICC @BCCIWomen @Paytm Agreed. It was almost a replica of the WC final 2017, the only difference this time was the result.'","neutral"
1,"b""@shantanub @Paytm You were lucky to get your passport without Adhar. When is the renewal? Paytm is very good. I've\xe2\x80\xa6 https://t.co/PdJ9dwajtK""","positive"
0,"b""@chopraanjum @Paytm @BCCIWomen The match was almost replica of the Lord's Final 2017, the only difference was the result.""","neutral"
0,"b'@BCCIWomen @Paytm Bowlers did great job by restricting England to 207. Middle order should work hard. At the end Ek\xe2\x80\xa6 https://t.co/GaCOC6ewSN'","neutral"
1,"b'@BCCIWomen @Paytm Congrats girls\xf0\x9f\xa4\x97 but India team should find replacement to Sushma Verma..: she is not in good form\xe2\x80\xa6 https://t.co/Q7hyWo2giM'","positive"
1,"b'@Paytm @Paytmcare 2/ 2499 INR to claim it. That guy had my complete order details like product name, date of order,\xe2\x80\xa6 https://t.co/XB2FAmFarF'","positive"
0,"b'@Langer_Mayanti @BCCIWomen @Paytm @M_Raj03 @ImHarmanpreet @mandhana_smriti @ImSushVerma @vedakmurthy08 @JhulanG10\xe2\x80\xa6 https://t.co/TfT8KpfM2V'","neutral"
-1,"b""@BCCIWomen @Paytm Below par bowling with no balls&amp; wide's &amp; substandard fielding by Eng. chiefly responsible for In\xe2\x80\xa6 https://t.co/PeBK279TWI""","negative"
1,"b'@BCCIWomen @Paytm Congratulations Team India on victory over England  and @mandhana_smriti for excellent innings on\xe2\x80\xa6 https://t.co/aQOxF1uGgX'","positive"
0,"b'@Langer_Mayanti @BCCIWomen @Paytm @M_Raj03 @ImHarmanpreet @mandhana_smriti @ImSushVerma @vedakmurthy08 @JhulanG10\xe2\x80\xa6 https://t.co/rAx5lz3yxA'","neutral"
2,"b'@BCCIWomen @Paytm Great Come back to win for India  #INDWvsENGW 1st  #ODI'","positive"
0,"b'@sthalekar93 @ICC @BCCIWomen @Paytm Now england would know how it feels to loss a winning game.'","neutral"
-1,"b""@srivatsayb @BSYBJP , please apologize for taking cheque. Hasn't @narendramodi ji asked you all to use only @Paytm ?""","negative"
1,"b'@BCCIWomen @Paytm Brilliant but pura match cricbuzz pe dekhna para.. star sports where were u.Pata bhi tha ki match\xe2\x80\xa6 https://t.co/x06VYGpuHM'","positive"
0,"b'@BCCIWomen @Paytm say i hai sub no hard work Karna padega vana matches nai jitoge aur bar bar lower order nai khe L\xe2\x80\xa6 https://t.co/ENQ6b3wpym'","neutral"
-4,"b'@Paytm @Paytmcare  No.1 cheaters, stealing money from customer account. Shame on you for this awkward attitude.'","negative"
0,"b'@PaytmMall @paytmmallcare @Paytm I ordered a phone, paid Rs 60000. it was expected by 4th april and still no update\xe2\x80\xa6 https://t.co/X3U9vvPXCy'","neutral"
0,"b'\xe0\xa4\x87\xe0\xa4\xb8 \xe0\xa4\xb8\xe0\xa4\xbe\xe0\xa4\xb2 1 \xe0\xa4\xb2\xe0\xa4\xbe\xe0\xa4\x96 \xe0\xa4\x86\xe0\xa4\x89\xe0\xa4\x9f\xe0\xa4\xb2\xe0\xa5\x87\xe0\xa4\x9f \xe0\xa4\x96\xe0\xa5\x8b\xe0\xa4\xb2\xe0\xa5\x87\xe0\xa4\x97\xe0\xa4\xbe Paytm \xe0\xa4\xaa\xe0\xa5\x87\xe0\xa4\xae\xe0\xa5\x87\xe0\xa4\x82\xe0\xa4\x9f\xe0\xa5\x8d\xe0\xa4\xb8 \xe0\xa4\xac\xe0\xa5\x88\xe0\xa4\x82\xe0\xa4\x95, DD \xe0\xa4\x94\xe0\xa4\xb0 \xe0\xa4\x9a\xe0\xa5\x87\xe0\xa4\x95 \xe0\xa4\xa1\xe0\xa4\xbf\xe0\xa4\xaa\xe0\xa5\x89\xe0\xa4\x9c\xe0\xa4\xbf\xe0\xa4\x9f \xe0\xa4\x9c\xe0\xa5\x88\xe0\xa4\xb8\xe0\xa5\x80 \xe0\xa4\xb8\xe0\xa4\xb0\xe0\xa5\x8d\xe0\xa4\xb5\xe0\xa4\xbf\xe0\xa4\xb8 \xe0\xa4\xad\xe0\xa5\x80 \xe0\xa4\xb9\xe0\xa5\x8b\xe0\xa4\x82\xe0\xa4\x97\xe0\xa5\x80 \xe0\xa4\xb6\xe0\xa5\x81\xe0\xa4\xb0\xe0\xa5\x82\n@Paytm @PaytmMall\xe2\x80\xa6 https://t.co/L6XoVw6nXX'","neutral"
0,"b'Incredible moments for everyone. Indian Women beat England Women by 1 wicket with 5 balls remaining in a very inter\xe2\x80\xa6 https://t.co/ab7c1xq4kd'","neutral"
3,"b'@BCCIWomen @Paytm We won we won we won \n@BCCIWomenFC https://t.co/vcPNhTQKvd'","positive"
1,"b'@BCCIWomen @Paytm What a seesaw match! Well done in the end.'","positive"
0,"b'@BCCIWomen @Paytm congratulations team India \nand @mandhana_smriti'","neutral"
-1,"b'@BCCIWomen @Paytm Mithali Raj very poor form\xf0\x9f\x98\x93'","negative"
1,"b'@BCCIWomen @Paytm Congratulations well played'","positive"
-2,"b""Hey @Paytm I can't able to transfer my wallet money to bank it says payment failed please add manage beneficiary to\xe2\x80\xa6 https://t.co/XhPXHeKGKQ""","negative"
-1,"b'@BCCIWomen @Paytm Yes we won, but the fact is ""our middle order is weaker than school kids team"".. Lost 7 wickets f\xe2\x80\xa6 https://t.co/d0RWve21Hs'","negative"
-1,"b'@PaytmBank @Paytm @vijayshekhar finally i would like to say go to hell. I m closing my account for the rubbish cust\xe2\x80\xa6 https://t.co/ow27SBTt1x'","negative"
0,"b'Yesterday I received calls frm +7458028652 n +917291078782.They informed me that they r frm #Paytm n I hav been sel\xe2\x80\xa6 https://t.co/VfqVt1GbIE'","neutral"
0,"b'Poonam Yadav  FOUR! India Women 206/9 (48.6) (14x4, 4x6) @paytm #IndvEng #ODI'","neutral"
0,"b'Ekta Bisht  FOUR! India Women 199/9 (48.1) (13x4, 4x6) @paytm #IndvEng #ODI'","neutral"
0,"b""Don't u pple feel ashamed of urslf i agreed to get tht amnt in wlt . Flr sprvsr Mr. Manish prmsd tht I'l b gtg tht\xe2\x80\xa6 https://t.co/xsD2TlfM2Z""","neutral"
0,"b'@BCCIWomen @chopraanjum @Paytm Mandhana 86! This Maha golden girl is a valuable asset to the team. Unfortunately she missed a100.'","neutral"
0,"b'@BCCIWomen @Paytm She should learn to get singles wasting this many deliveries n getting out'","neutral"
2,"b'@mandhana_smriti as always...... She is like a gem...... \n\n@paytm #IndvEng #ODI'","positive"
0,"b'@BCCIWomen @Paytm They r wasting all the hard work done by mandhana'","neutral"
0,"b'Sophie Ecclestone 4 WICKETS! (8.4-2-31-4), India Women 183/8 @paytm #IndvEng #ODI'","neutral"
0,"b'WICKET! Over: 45.4 Jhulan Goswami 2(18) b Sophie Ecclestone, India Women 183/8 @paytm #IndvEng #ODI'","neutral"
0,"b""@paytmmallcare @Paytm @Paytmcare : Hi PayTM, As mentioned earlier, I don't have the Order ID with me as PayTM does\xe2\x80\xa6 https://t.co/EGSPWRWyX5""","neutral"
0,"b'@paytmmallcare @Paytm Will advise all my associates, friends, society people to beware of such fraudsters'","neutral"
0,"b'@paytmmallcare @Paytm Selling used products'","neutral"
0,"b'@dilipsainidks @PaytmBank @vijayshekhar @Paytm @Paytmcare Han jaruri hai'","neutral"
0,"b'We can use #Vodaoffer coupon to vodafone number can we use #Voda50 to any other vodafone number \n@Paytm @Paytmcare'","neutral"
-1,"b'@paytmmallcare @Paytm You yourself have partnered with fraud sellers like e Setu Pune and worst, irresponsible cour\xe2\x80\xa6 https://t.co/AM9SPMg7rh'","negative"
0,"b'@BCCIWomen @Paytm No Dsr too'","neutral"
0,"b'WICKET! Over: 43.6 Veda Krishnamurthy 8(16) lbw Sophie Ecclestone, India Women 182/7 @paytm #IndvEng #ODI'","neutral"
0,"b'Veda Krishnamurthy  FOUR! India Women 182/6 (43.4) (12x4, 4x6) @paytm #IndvEng #ODI'","neutral"
0,"b'@sourav_053 @PaytmBank @vijayshekhar @Paytm @Paytmcare \xe0\xa4\x87\xe0\xa4\xb8\xe0\xa4\x95\xe0\xa5\x87 \xe0\xa4\xb2\xe0\xa4\xbf\xe0\xa4\x8f \xe0\xa4\x95\xe0\xa5\x87\xe0\xa4\xb5\xe0\xa4\xbe\xe0\xa4\x88\xe0\xa4\xb8\xe0\xa5\x80 \xe0\xa4\x9c\xe0\xa4\xb0\xe0\xa5\x82\xe0\xa4\xb0 \xe0\xa4\x95\xe0\xa4\xb0\xe0\xa4\xbe\xe0\xa4\xa8\xe0\xa4\xbe \xe0\xa4\x9c\xe0\xa4\xb0\xe0\xa5\x82\xe0\xa4\xb0\xe0\xa5\x80 \xe0\xa4\xb9\xe0\xa5\x8b\xe0\xa4\xa4\xe0\xa4\xbe \xe0\xa4\xb9\xe0\xa5\x88 \xe0\xa4\x95\xe0\xa5\x8d\xe0\xa4\xaf\xe0\xa4\xbe'","neutral"
1,"b'Hi team help me with this i didnt apply any promo code ONCEAMONTH this month  but showing like I have already used\xe2\x80\xa6 https://t.co/JsZ08daLuk'","positive"
0,"b'WICKET! Over: 41.1 S B Verma 3(15) lbw Sophie Ecclestone, India Women 175/6 @paytm #IndvEng #ODI'","neutral"
1,"b'@Paytmcare @Paytm Being troubled for the last 2 months, your employees did not get any answer correctly, no help, i\xe2\x80\xa6 https://t.co/JF0SfCY8XY'","positive"
-1,"b'@sthalekar93 @ICC @BCCIWomen @Paytm Yeh true... hope ind WL back in this game..gr8 knock by Smriti\xe2\x98\xba\xf0\x9f\x91\x8d'","negative"
1,"b'The reviews are pouring in @BlackmailFilm is a hit! \nBook your tickets today &amp; watch this entertaining movie at\xe2\x80\xa6 https://t.co/OUcIyhvbfB'","positive"
1,"b'End Of Over 40 - India Women 174/5, Need 34 Run(s) to Win, Veda Krishnamurthy 3(9) S B Verma 2(8) @paytm #IndvEng #ODI'","positive"
0,"b'@Paytm @Paytmcare @Paytmcare  @Paytm  any casback or promocode on adding and sending money on paytm'","neutral"
-1,"b'@Paytmcare @Paytm Please provide me a status of the following Transaction IDs 1. 2018040411121280011016829872247594\xe2\x80\xa6 https://t.co/uJDT3JhTgr'","negative"
-1,"b""Oh dear... Mandhana out. Surely we aren't going to see the @ICC WC final again with @BCCIWomen losing wickets &amp; the game? #IndvEng @Paytm""","negative"
1,"b""@Subirsrkjsr @Paytmcare @Paytm Don't trust these guys. It's more than a month I paid my electric bill and they are\xe2\x80\xa6 https://t.co/Q0ZHWyANpT""","positive"
0,"b'@paytmmallcare @Paytmcare @Paytm @PaytmMall order not being cancelled since morning.\nNow status has been changed to\xe2\x80\xa6 https://t.co/aiwKm3hGM1'","neutral"
0,"b'@Paytm @RBI @SupremeCourtFan @arunjaitley Refering to SC rule, KYC mandate is removed. Then why are u mandating for\xe2\x80\xa6 https://t.co/6Dt1pJTuP2'","neutral"
-1,"b'.@paytm too.. privacy concerns, old fashioned! https://t.co/aAEIVjCS11'","negative"
0,"b'@Paytm how much time do youll take for a refund? Please help!'","neutral"
0,"b""Why doesn't Hon Supreme Court ruling apply to @paytm? @IndianExpress @the_hindu https://t.co/4ZJvDcwuOX""","neutral"
0,"b'India Women 151/3 in 32.5 Overs @paytm #IndvEng #ODI\xc2\xa0 Scorecard:https://t.co/tN7jnIbGUN'","neutral"
0,"b'@BCCI @Paytm Whishes to women team .'","neutral"
0,"b'@iSudatta @shantanub @Paytm @the_hindu @IndianExpress except the access to internet, rest of the permissions - came\xe2\x80\xa6 https://t.co/0xvcRLLnqM'","neutral"
0,"b""@Paytmcare @Subirsrkjsr @paytm why don't you respond?""","neutral"
-1,"b'@Paytm after kyc your app is not letting me deposit more money in my account. It is urgent but no representative is helping.'","negative"
0,"b""@iSudatta @shantanub @Paytm Why isn't the media  @the_hindu @IndianExpress focusing on the abnormal data collection\xe2\x80\xa6 https://t.co/hRLzraZH3X""","neutral"
-1,"b'Dear @Paytm @Paytmcare @PaytmMall kindly look into it on urgent basis it is not delivered till now. https://t.co/vxcT6Iqw0f'","negative"
-1,"b'S S Mandhana  FOUR! India Women 125/3 (29.2) (10x4, 3x6) @paytm #IndvEng #ODI'","negative"
1,"b""@iSudatta @Paytm Realized even for Uber etc. it's far easier to link my bank debit card.""","positive"
-1,"b'@shantanub @Paytm I stopped using @Paytm. Their demands were becoming annoying!'","negative"
0,"b'@BCCIWomen @Paytm Congratulations @mandhana_smriti'","neutral"
1,"b'Cash back offers are finished at @TezbyGoogle Every time getting ""Better luck next time"". So annoying. Now moving t\xe2\x80\xa6 https://t.co/73i4HdouMS'","positive"
0,"b'Just spoke to a @Paytm KYC rep on the phone who said he would only accept Aadhar and not my passport details. Asked\xe2\x80\xa6 https://t.co/M11NznT2g1'","neutral"
0,"b'@Paytmcare @Paytm https://t.co/dYW8p5SRk9'","neutral"
-1,"b'S S Mandhana 53 runs in 79 balls  (3x4, 2x6) India Women 110/3 @paytm #IndvEng #ODI\xc2\xa0 Scorecard:https://t.co/tN7jnIbGUN'","negative"
-1,"b'S S Mandhana  SIX! India Women 110/3 (25.6) (9x4, 3x6) @paytm #IndvEng #ODI'","negative"
-1,"b'@paytm @Paytmcare @PaytmBank ! account has KYC in complete, you have frozen my account. Hasn\xe2\x80\x99t Supreme Court of Ind\xe2\x80\xa6 https://t.co/I1Qn7e2GNW'","negative"
-1,"b'S S Mandhana  FOUR! India Women 97/3 (22.2) (9x4, 2x6) @paytm #IndvEng #ODI'","negative"
0,"b'@Paytm @Paytmcare @vijayshekhar @Remus \xe0\xa4\xae\xe0\xa4\xb0\xe0\xa4\xbe\xe0\xa4\xa0\xe0\xa5\x80 \xe0\xa4\xae\xe0\xa4\xa7\xe0\xa5\x8d\xe0\xa4\xaf\xe0\xa5\x87 \xe0\xa4\x95\xe0\xa5\x87\xe0\xa4\xb2\xe0\xa5\x87\xe0\xa4\xb2\xe0\xa5\x8d\xe0\xa4\xaf\xe0\xa4\xbe \xe0\xa4\xae\xe0\xa5\x87\xe0\xa4\xb2 \xe0\xa4\x86\xe0\xa4\xa3\xe0\xa4\xbf \xe0\xa4\xb8\xe0\xa4\x82\xe0\xa4\xb5\xe0\xa4\xbe\xe0\xa4\xa6 \xe0\xa4\xaf\xe0\xa4\xbe\xe0\xa4\xb2\xe0\xa4\xbe \xe0\xa4\xa4\xe0\xa5\x81\xe0\xa4\xae\xe0\xa4\x9a\xe0\xa5\x87 \xe0\xa4\x85\xe0\xa4\xa7\xe0\xa4\xbf\xe0\xa4\x95\xe0\xa4\xbe\xe0\xa4\xb0\xe0\xa5\x80 \xe0\xa4\xaa\xe0\xa5\x8d\xe0\xa4\xb0\xe0\xa4\xa4\xe0\xa4\xbf\xe0\xa4\xb8\xe0\xa4\xbe\xe0\xa4\xa6 \xe0\xa4\x95\xe0\xa4\xbe \xe0\xa4\xa6\xe0\xa5\x87\xe0\xa4\xa4 \xe0\xa4\xa8\xe0\xa4\xbe\xe0\xa4\xb9\xe0\xa5\x80\xe0\xa4\xa4,\xe2\x80\xa6 https://t.co/iJxvNtU2Y5'","neutral"
-1,"b'T12- It\'s shocking that @Paytm still don\'t have ""Visa Pay"" option and @vijayshekhar is not even thinking about it.\xe2\x80\xa6 https://t.co/RZ7mpgkGJ4'","negative"
1,"b'End Of Over 20 - India Women 89/2, Need 119 Run(s) to Win, Harmanpreet Kaur 20(34)  S S Mandhana 43(55) @paytm #IndvEng #ODI'","positive"
1,"b'@BCCIWomen @Paytm Right Bro. https://t.co/Rj9MrDpdbI'","positive"
0,"b'Harmanpreet Kaur  SIX! India Women 88/2 (19.3) (8x4, 2x6) @paytm #IndvEng #ODI'","neutral"
0,"b'@Paytm pls add \xe2\x80\x98lic premium\xe2\x80\x99'","neutral"
0,"b'@BCCIWomen @Paytm Mithali ka mood hi nhi raha cricket khelne ka ab. She should be retired from cricket.'","neutral"
1,"b'@Paytmcare @paytm what a shoddy handling of customer grivienace. 2 days back #Paytm support staff asked for 48 hour\xe2\x80\xa6 https://t.co/IKXLnJY96l'","positive"
0,"b'I forgot my @Paytm password. The only way to reset password is by calling to some phone number the app mentions - A\xe2\x80\xa6 https://t.co/1GLLzuVGd0'","neutral"
0,"b'Harmanpreet Kaur  FOUR! India Women 68/2 (13.6) (8x4, 1x6) @paytm #IndvEng #ODI'","neutral"
0,"b'@venkatsrinath1 @BCCIWomen @Paytm At least 1 of these 2 have to be there till the score is past 150.\nOtherwise collapse.'","neutral"
-1,"b""@paytmbankcare @Paytmcare @Paytm @PaytmBank what hell is going on with my account I'm trying to contact you since m\xe2\x80\xa6 https://t.co/5yvKVTvskf""","negative"
0,"b'@Paytmcare Hi! @paytm I hav already replied the mail regardng query ref. no. 59477968 at 3:06AM on 6/4/18. i m atta\xe2\x80\xa6 https://t.co/Av2FTBcZgi'","neutral"
0,"b'@sambitlnt @_AnsumanRath @MobiKwik @BipinSingh @kumariika @UpasanaTaku @SHAHSUDH @BharatBillPay Why CESU is not inc\xe2\x80\xa6 https://t.co/WLHjOma4JN'","neutral"
1,"b""@Paytm ji I recharged of 399rs  or and applied FAMIlY promocode  bt i didn't get any cashback even i completed my K\xe2\x80\xa6 https://t.co/DUAkuUFlA1""","positive"
0,"b'@BCCIWomen @Paytm Very lethargic \xf0\x9f\x91\x8e\xf0\x9f\x91\x8e\xf0\x9f\x98\x9e'","neutral"
1,"b'End Of Over 10 - India Women 52/2, Need 156 Run(s) to Win,  S S Mandhana 29(29) Harmanpreet Kaur 0(0) @paytm #IndvEng #ODI'","positive"
0,"b'Dear Sir,\nGood Afternoon \n\xe0\xa4\x86\xe0\xa4\x9c \xe0\xa4\xae\xe0\xa5\x81\xe0\xa4\x9d\xe0\xa5\x87 Paytm Ka \xe0\xa4\xac\xe0\xa4\xb9\xe0\xa5\x81\xe0\xa4\xa4 \xe0\xa4\xb9\xe0\xa5\x80 \xe0\xa4\xb6\xe0\xa4\xbe\xe0\xa4\xa8\xe0\xa4\xa6\xe0\xa4\xbe\xe0\xa4\xb0 \nCalendar \xe0\xa4\xae\xe0\xa4\xbf\xe0\xa4\xb2\xe0\xa4\xbe,\xe0\xa4\x94\xe0\xa4\xb0 PaytmApp\xe0\xa4\x95\xe0\xa5\x8b \xe0\xa4\x86\xe0\xa4\xaa\xe0\xa4\xa8\xe0\xa5\x87 \xe0\xa4\xaf\xe0\xa5\x82\xe0\xa4\x9c\xe0\xa4\xb0\xe0\xa4\xab\xe0\xa5\x87\xe0\xa4\x82\xe0\xa4\xa1\xe0\xa4\xb2\xe0\xa5\x80 \xe0\xa4\xb0\xe0\xa4\xbf\xe0\xa4\xa1\xe0\xa4\xbf\xe0\xa4\x9c\xe0\xa4\xbe\xe0\xa4\x87\xe0\xa4\xa8 \xe0\xa4\x95\xe0\xa4\xb0\xe2\x80\xa6 https://t.co/EMoGAvms7t'","neutral"
0,"b'India Women 52/2 in 9.4 Overs @paytm #IndvEng #ODI\xc2\xa0 Scorecard:https://t.co/tN7jnIbGUN'","neutral"
-1,"b'S S Mandhana  SIX! India Women 52/2 (9.4) (7x4, 1x6) @paytm #IndvEng #ODI'","negative"
-1,"b'S S Mandhana  FOUR! India Women 46/2 (9.1) (7x4, 0x6) @paytm #IndvEng #ODI'","negative"
0,"b'@BCCIWomen @Paytm What was the eng women score after first 5 overs'","neutral"
0,"b'WICKET! Over: 8.6 Mithali 0(8) lbw Danielle Hazell, India Women 41/2 @paytm #IndvEng #ODI'","neutral"
0,"b""Trying to buy @IPL but @Paytm is making it the most inconvenient process ever. Why can't they just take my money wi\xe2\x80\xa6 https://t.co/PlxRmq6ony""","neutral"
0,"b'@Paytm not able to cancel the subscription form the Paytm app .kindly help https://t.co/zEisJL9J5Q'","neutral"
-2,"b""@Paytm Dear Paytm,\nI tweeted my complaint on yesterday but still u even don't respond it. What bad u r services tha\xe2\x80\xa6 https://t.co/s37oJYKtUw""","negative"
-1,"b'S S Mandhana  FOUR! India Women 41/1 (7.3) (6x4, 0x6) @paytm #IndvEng #ODI'","negative"
-2,"b'@Paytm @Paytmcare Please Answer for this cheating https://t.co/ozUTj4h8uG'","negative"
-2,"b'@Paytm @Paytmcare  Please Answer for this cheating. https://t.co/dAiJb8RByd'","negative"
-2,"b'@Paytm @Paytmcare Why this kind of cheating. Cheap game by Paytm. Now your customer care is unable to reach me to r\xe2\x80\xa6 https://t.co/7v5sbguBlf'","negative"
0,"b'@Paytm @PaytmBank @Paytmcare \n\nAlready share address and contact details ..\n\nPlz do the needful for BC agent'","neutral"
0,"b'@Paytm Paytm is ATM but ATM is not paytm'","neutral"
0,"b'WICKET! Over: 6.4 D P Vaidya 15(23) b Danielle Hazell, India Women 37/1 @paytm #IndvEng #ODI'","neutral"
-2,"b'@Paytm Asshats forcing for KYC, even if due date is cancelld by SC My money is stuck at patym wallet. Customer care non responding morons'","negative"
0,"b'D P Vaidya  FOUR! India Women 37/0 (6.2) (5x4, 0x6) @paytm #IndvEng #ODI'","neutral"
0,"b""@Paytm @paytm I haven't received my money back.. #Consumer""","neutral"
0,"b'@Paytmcare @Paytm trying your customer care number from past 1 hour but not getting connected.Please arrange a callback on 9582079902'","neutral"
-1,"b'@ShubhamKhera2 @Paytmcare @Paytm Too much disappointed with this application..'","negative"
0,"b'@MeghrajSugare @Paytm @kunal_050689 @Paytmcare @vijayshekhar @arunjaitley @PatyM @TheOfficialSBI I know that @Paytm\xe2\x80\xa6 https://t.co/jb61WHP9Tq'","neutral"
0,"b'D P Vaidya  FOUR! India Women 32/0 (5.3) (4x4, 0x6) @paytm #IndvEng #ODI'","neutral"
-1,"b'Bluedart courier man never call me during delivery of my consignment and wrongly updated in system out of delivery\xe2\x80\xa6 https://t.co/517hV8bGgs'","negative"
-1,"b'@AjaySin08597009 @Paytmcare Really paytm service sucks @paytm @paytmcare'","negative"
-1,"b'@Paytm @vijayshekhar is anyone frm ths garbage hole will explain how i can get/recover my money if ths blunder app\xe2\x80\xa6 https://t.co/Dwnf1rsyx3'","negative"
0,"b""@Paytmcare @Paytm @vijayshekhar As a #PaytmPareshan customer I'm ashamed to say that all #Paytm inefficient support\xe2\x80\xa6 https://t.co/TLExkFZzfq""","neutral"
-1,"b""@Paytm @Paytmcare \nI couldn't send money to other person why?? Please tell\xf0\x9f\x99\x8f\xf0\x9f\x99\x8f\nWhen I send lifafa then it's happing https://t.co/9wzjU4HUTt""","negative"
0,"b""@UIDAI Why paytm is taking finger print for KYC verification? Is it mandatory? Even banks won't do all these non-se\xe2\x80\xa6 https://t.co/wKZ9Q2OWMu""","neutral"
-1,"b'your customer care 24*7 number is also worst because there is no any option to connect customer care agent to resol\xe2\x80\xa6 https://t.co/SfNoKha8rw'","negative"
-1,"b'S S Mandhana  FOUR! India Women 25/0 (4.5) (3x4, 0x6) @paytm #IndvEng #ODI'","negative"
-2,"b'@Paytm @vijayshekhar hey u motherfucker\nWhat the hell is happened to your customer care.\nBloody moron u are not less thn a basterd.'","negative"
0,"b'D P Vaidya  FOUR! India Women 19/0 (3.6) (2x4, 0x6) @paytm #IndvEng #ODI'","neutral"
1,"b'@BCCIWomen @HalaPlayDotCom @Paytm So guyz our analysis has been decent. Knight did not play, Pandey did not get any\xe2\x80\xa6 https://t.co/ydbGzNqGs3'","positive"
0,"b'@Paytmcare @Paytm @Paytmcare  its been 3 days now. Still the issue is unresolved.'","neutral"
-1,"b'S S Mandhana  FOUR! India Women 6/0 (0.5) (1x4, 0x6) @paytm #IndvEng #ODI'","negative"
0,"b'@Satyadev_Ram @Paytm @Paytmcare Yahi sach hai paytm ka kuch nai milta but scheme badi badi hoti...hai'","neutral"
0,"b'@BCCI @Paytm \xf0\x9f\x98\x8d\xf0\x9f\x98\x98'","neutral"
0,"b'@Paytmcare @Paytm @PaytmMall @PaytmBank  i got a call saying from paytm mall. That i was selected in a lucky draw a\xe2\x80\xa6 https://t.co/JHXRDKBQVD'","neutral"
0,"b'@arunjaitley Sir , when the SC has given a stay on linking banks and mobiles with Adhar Card untill further orders\xe2\x80\xa6 https://t.co/VJtR6Jyq4G'","neutral"
1,"b""People call it #policy as per convenience, isn't it? Something like how @Paytm #paytm unofficially became #National\xe2\x80\xa6 https://t.co/emmBwzDyKi""","positive"
0,"b""Worst service I'll Order a phone and now not delivered me and booking time on website delivery date is 5apr  but no\xe2\x80\xa6 https://t.co/qHrVeCRUeu""","neutral"
0,"b'@Simonah04912498 @BCCIWomen @Paytm \xe0\xa6\xb8\xe0\xa6\xae\xe0\xa6\xb8\xe0\xa7\x8d\xe0\xa6\xaf\xe0\xa6\xbe \xe0\xa6\xa8\xe0\xa6\xbe \xe0\xa6\xa4\xe0\xa6\xbe\xe0\xa6\x95\xe0\xa6\xb2\xe0\xa7\x87 \xe0\xa6\x95\xe0\xa6\xbf \xe0\xa6\x9a\xe0\xa6\xbf\xe0\xa6\xb2\xe0\xa7\x8d\xe0\xa6\xb2\xe0\xa6\xbe \xe0\xa6\x9a\xe0\xa6\xbf\xe0\xa6\xb2\xe0\xa7\x8d\xe0\xa6\xb2\xe0\xa6\xbf \xe0\xa6\x95\xe0\xa6\xb0\xe0\xa6\xbf\xe0\xa6\xa8\xe0\xa6\xbf'","neutral"
1,"b'@TheViralFever perfect one #TechConversationWithDad #DadonTwitter @Paytm\xf0\x9f\x98\x9c\xf0\x9f\x98\x9c https://t.co/ubNzYPEliW'","positive"
0,"b'Cc @Paytm @Paytmcare @vijayshekhar \nPls dlvr it latest by 8th Morning and if not delivrd by 8th Morning..I will hav\xe2\x80\xa6 https://t.co/jGSNRAmw6j'","neutral"
1,"b'@SobhanaDesikan @Paytmcare @Paytm I did not like the fact that paytm needs access to call log. Is this a surveillance app?'","positive"
0,"b'Hi @Paytm @Paytmcare @vijayshekhar @renusatti @amitsins: ordered a fridge which was returned due to floor not being\xe2\x80\xa6 https://t.co/alwlMqNwuo'","neutral"
0,"b'@lionsdenkxip @Paytm @insiderdotin  https://t.co/q1jWSQDmqy'","neutral"
1,"b'@BCCI @Paytm All the best'","positive"
0,"b'Re-placed the order today coz the earlier one was cancelled \xf0\x9f\x98\xa1\nRequesting u again to pls deliver it to the respectiv\xe2\x80\xa6 https://t.co/TxKb66ryYP'","neutral"
-1,"b'@Paytm \nWhat an unfortunate that Vijay Sekhar the elder brother of Nirav Modi still exploiting commons in the name of @PMOIndia'","negative"
0,"b'@Paytm @Paytmcare after repeated requests my mobile number has not been changed. No reply since 10 days https://t.co/DYdyEb3S5J'","neutral"
0,"b'@PaytmMall @Paytm @Paytmcare\nUnable to place orders on @PaytmMall\n\nDone Full KYC (InPerson verification). Using Pay\xe2\x80\xa6 https://t.co/QwAd3HfejM'","neutral"
0,"b'@BCCI @Paytm @chopraanjum maaf karna behen but u look psycho in this hairstyle....bade baal hi acche the'","neutral"
0,"b'@vijayshekhar @Paytm @vijayshekhar #Digitalmoney #paytmsucks #paytmmatkato #horriblecustomerservice \n@Paytm, can\xe2\x80\x99t\xe2\x80\xa6 https://t.co/2GOjbgk1dx'","neutral"
0,"b'@Paytm @Paytmcare This cash back is regarding creating the paytm bhim Upi address. Please credit the cash back.'","neutral"
1,"b'@Paytm @Paytmcare Query reference number 59307126 regarding cash back of RS 50 not credited by paytm. Very embarras\xe2\x80\xa6 https://t.co/o6weHr5m1f'","positive"
-1,"b'@PaytmBank @Paytmcare @Paytm all details leaked of my Paytm bank\n8145053455'","negative"
0,"b'Thank you very much #paytm #paytmkaro @Paytm @vijayshekhar @PaytmBank https://t.co/ZeTfef2mu0'","neutral"
0,"b'Why @Paytm @Paytmcare asking for KYC? All designated @Paytm KYC points asking for money for it. How to believe such\xe2\x80\xa6 https://t.co/OUo9HrNBN4'","neutral"
0,"b'@paytm cud u plz tell me, is this any kinda scan which @paytm is planning for? 2/2'","neutral"
0,"b'@BCCI @Paytm This is women time'","neutral"
0,"b'@Paytm @Paytmcare  @PaytmCareOne i hv a Tap to pay card and it has some balance in this, for checking the balance o\xe2\x80\xa6 https://t.co/og5YN5QKc8'","neutral"
0,"b'@Paytm @Paytmcare @PMOIndia \nMy all details of Paytm account are leaked.i received so many other call and irritate\xe2\x80\xa6 https://t.co/TlKf4k793j'","neutral"
0,"b'@paytmmallcare @vijayshekhar @paytm #paytmmatkaro #paytmsucks #horriblecustomerservice.  No as per ref no 40225377,\xe2\x80\xa6 https://t.co/r2egbB59lu'","neutral"
1,"b'@Paytmcare Email id i provided. \nWaiting for better response.\n@RBI \n@Paytm \n@Paytmcare'","positive"
1,"b'@vijayshekhar @paytmcare @paytm @PaytmTravelCare REF No. 44538336\nThere is no REFUND received yet in the wallet &amp; C\xe2\x80\xa6 https://t.co/k2BqOuQY0I'","positive"
1,"b'@Paytm super theme https://t.co/uA0uhmCCFh'","positive"
0,"b'@Dharya1997 @BCCIWomen @Paytm @khushikadri Yes. Hope our batswomen will chase it down.'","neutral"
1,"b'@MadhuDADA @BCCIWomen @Paytm @khushikadri Good Chance we have!'","positive"
0,"b'@BCCIWomen @Paytm Cc: @khushikadri @Dharya1997'","neutral"
0,"b'@sweetybliss11 @BCCIWomen @Paytm Bcci website live streaming available'","neutral"
2,"b'@BCCIWomen @Paytm Well bowled girls @BCCIWomen  to restrict the opposition to a modest total. Now bat well and chas\xe2\x80\xa6 https://t.co/Zjojba4UsT'","positive"
0,"b'@BCCIWomen @Paytm Bcci website pe link h yar.'","neutral"
0,"b'@BCCIWomen @Paytm Where we can watch this match ?? Which sports channel plz reply'","neutral"
0,"b'@BCCIWomen @Paytm 2nd Innings TV pr dikaa do yrr \xf0\x9f\x99\x8f'","neutral"
0,"b'End Innings: England Women - 207/10 in 49.3 overs  (Danielle Hazell 33 off 52, Alexandra Hartley 3 off 5) @paytm #IndvEng #ODI'","neutral"
0,"b'WICKET! Over: 49.3 Danielle Hazell 33(52) b Ekta Bisht, England Women 207/10 @paytm #IndvEng #ODI'","neutral"
0,"b'@vijayshekhar @Paytm @Paytmcare when is ticket 54494676 for fastag going to be resolved? Ah the standards of paytm service!'","neutral"
0,"b'Danielle Hazell  FOUR! England Women 207/9 (49.2) (20x4, 2x6) @paytm #IndvEng #ODI'","neutral"
0,"b'England Women 203/9 in 49.1 Overs @paytm #IndvEng #ODI\xc2\xa0 Scorecard:https://t.co/tN7jnIbGUN'","neutral"
0,"b'Danielle Hazell  SIX! England Women 203/9 (49.1) (19x4, 2x6) @paytm #IndvEng #ODI'","neutral"
0,"b'@AIia_Bhatt @BCCI @Paytm This is not IPL match.'","neutral"
0,"b""@Paytm @Paytmcare my friend sent me 50\xe2\x82\xb9 paytm but i didn't receive?""","neutral"
-1,"b'A complete fooling app @Paytm'","negative"
-1,"b'@Paytm  and @Paytmcare , now see another screenshot wherein you show something went wrong when it asks to update th\xe2\x80\xa6 https://t.co/qdabkFoT1a'","negative"
1,"b'@BCCI @Paytm Nice'","positive"
0,"b'@BCCIWomen @Paytm Waiting for @mandhana_smriti batting..'","neutral"
0,"b'Danielle Hazell  FOUR! England Women 194/9 (48.1) (19x4, 1x6) @paytm #IndvEng #ODI'","neutral"
0,"b'@rubberneckin @Paytm @Paytmcare cc: @renusatti'","neutral"
0,"b'@StarSportsIndia Why @Paytm trophy of @BCCIWomen is not available on @hotstartweets? Wasted my money on #hotstar subscription. \xf0\x9f\x98\xa1'","neutral"
0,"b'@BCCIWomen @Paytm Is there live telecast ?'","neutral"
0,"b""@Paytm @vijayshekhar @PhonePeSupport \nI want to join with phonepe \nPaytm doesn't solve problem\n# ghatiyapaytm https://t.co/rsqmMBfrk8""","neutral"
0,"b'I was sending amount though lucky lifafa to my friend,but @Paytm has transferred it to another account, kindly refu\xe2\x80\xa6 https://t.co/UjbT4nJG1i'","neutral"
0,"b'@BCCIWomen @Paytm One wicket or h'","neutral"
1,"b'@BCCI @Paytm really nice'","positive"
0,"b'Poonam Yadav 4 WICKETS! (8.5-1-23-4), England Women 185/9 @paytm #IndvEng #ODI'","neutral"
0,"b'WICKET! Over: 46.5 Sophie Ecclestone 1(5) ct Veda Krishnamurthy b Poonam Yadav, England Women 185/9 @paytm #IndvEng #ODI'","neutral"
-1,"b'@Paytm Hey fraud company please refund my money'","negative"
0,"b'@BCCIWomen @Paytm Live telecast Kyu NAHI h ??'","neutral"
0,"b'@Paytm https://t.co/VCw9kpmcZh'","neutral"
0,"b'WICKET! Over: 45.2 Frances Wilson 45(78) ct Shikha Pandey b Deepti , England Women 181/8 @paytm #IndvEng #ODI'","neutral"
0,"b'@BCCIdomestic @Paytm in ipl'","neutral"
-1,"b'@BCCIdomestic @Paytm please return warner and smith'","negative"
0,"b'Frances Wilson  FOUR! England Women 180/7 (44.5) (18x4, 1x6) @paytm #IndvEng #ODI'","neutral"
-1,"b""@Paytm , I'm truly disgusted with your KYC process and the people you have hired. When I open the app, a pop up com\xe2\x80\xa6 https://t.co/lhygTzbtM0""","negative"
0,"b"".@Paytm 's upcoming Android and iOS applications will offer investors mutual funds from 12 of the 15 largest AMCs i\xe2\x80\xa6 https://t.co/f01JhKlxNl""","neutral"
